image,user_number
0_black_image.png,2
10_black_image.png,2
10_morphed_image_stranger_2_annmarie_0.25.png,5
11_morphed_image_stranger_2_man_0.75.png,5
12_morphed_image_stranger_1_annmarie_0.5.png,2
13_morphed_image_yuna_stranger_1_0.25.png,2
14_morphed_image_zohar_abby_0.25.png,3
15_morphed_image_stranger_2_man_0.25.png,5
16_morphed_image_fei_man_0.25.png,2
17_morphed_image_yuna_zohar_0.5.png,3
18_cropped_stranger_1.png,5
19_morphed_image_zohar_man_0.5.png,4
1_morphed_image_yuna_annmarie_0.25.png,2
20_black_image.png,1
20_morphed_image_stranger_2_man_0.5.png,5
21_morphed_image_fei_zohar_0.75.png,2
22_morphed_image_yuna_zohar_0.75.png,2
23_morphed_image_stranger_2_yuna_0.25.png,3
24_morphed_image_stranger_2_fei_0.25.png,5
25_morphed_image_stranger_2_fei_0.5.png,4
26_morphed_image_annmarie_man_0.25.png,2
27_morphed_image_fei_zohar_0.5.png,2
28_morphed_image_yuna_stranger_1_0.5.png,3
29_cropped_yuna.jpg,1
2_morphed_image_stranger_2_fei_0.75.png,2
30_black_image.png,2
30_morphed_image_fei_annmarie_0.75.png,3
31_morphed_image_fei_stranger_1_0.5.png,3
32_morphed_image_stranger_2_annmarie_0.5.png,5
33_morphed_image_abby_man_0.5.png,5
34_morphed_image_yuna_annmarie_0.5.png,2
35_morphed_image_annmarie_man_0.5.png,4
36_morphed_image_zohar_stranger_1_0.5.png,5
37_morphed_image_stranger_2_abby_0.75.png,2
38_morphed_image_stranger_1_man_0.75.png,5
39_morphed_image_yuna_zohar_0.25.png,4
3_morphed_image_yuna_abby_0.75.png,3
40_black_image.png,2
40_morphed_image_stranger_1_annmarie_0.25.png,5
41_morphed_image_stranger_1_man_0.25.png,5
42_morphed_image_yuna_stranger_1_0.75.png,4
43_morphed_image_zohar_man_0.25.png,4
44_morphed_image_zohar_annmarie_0.75.png,2
45_morphed_image_yuna_man_0.5.png,2
46_morphed_image_fei_man_0.75.png,3
47_morphed_image_annmarie_man_0.75.png,4
48_morphed_image_stranger_2_zohar_0.25.png,5
49_morphed_image_zohar_abby_0.5.png,5
4_morphed_image_stranger_2_annmarie_0.75.png,3
50_black_image.png,3
50_morphed_image_abby_man_0.25.png,1
51_morphed_image_yuna_annmarie_0.75.png,2
52_morphed_image_annmarie_abby_0.75.png,1
53_morphed_image_yuna_man_0.75.png,3
54_morphed_image_annmarie_abby_0.25.png,3
55_morphed_image_stranger_1_abby_0.25.png,3
56_morphed_image_fei_abby_0.25.png,2
57_morphed_image_stranger_2_yuna_0.5.png,2
58_morphed_image_yuna_abby_0.5.png,2
59_morphed_image_fei_annmarie_0.25.png,2
5_cropped_man.png,5
60_black_image.png,2
60_morphed_image_fei_stranger_1_0.25.png,4
61_morphed_image_fei_zohar_0.25.png,4
62_morphed_image_yuna_man_0.25.png,3
63_morphed_image_fei_yuna_0.25.png,4
64_morphed_image_zohar_abby_0.75.png,4
65_morphed_image_stranger_2_abby_0.5.png,5
66_cropped_annmarie.jpg,1
67_cropped_abby.jpg,1
68_morphed_image_fei_yuna_0.5.png,5
69_morphed_image_stranger_1_man_0.5.png,5
6_morphed_image_fei_yuna_0.75.png,4
70_black_image.png,3
70_cropped_zohar.jpeg,1
71_morphed_image_zohar_annmarie_0.25.png,2
72_morphed_image_stranger_2_stranger_1_0.75.png,5
73_morphed_image_zohar_man_0.75.png,5
74_morphed_image_fei_man_0.5.png,4
75_morphed_image_abby_man_0.75.png,5
76_morphed_image_stranger_2_abby_0.25.png,5
77_morphed_image_yuna_abby_0.25.png,3
78_cropped_fei.jpg,1
